budget,marketing_budget,rating,runtime,star_power,competition,genre,release_month,success
20,5,6.2,120,1,3,Drama,1,0
30,8,7.1,135,2,2,Thriller,2,1
50,15,8.0,145,3,2,Action,3,1
15,3,5.8,110,1,4,Comedy,4,0
80,25,8.4,150,3,1,Action,5,1
25,6,6.5,125,2,3,Romance,6,0
45,12,7.6,140,3,2,Thriller,7,1
10,2,5.5,105,1,5,Drama,8,0
60,18,8.1,155,3,2,Action,9,1
35,10,7.0,130,2,3,Comedy,10,1
22,4,6.0,115,1,4,Horror,11,0
70,20,8.3,148,3,1,Thriller,12,1
18,4,6.4,118,1,3,Romance,1,0
55,14,7.8,142,3,2,Drama,2,1
40,9,6.9,128,2,3,Comedy,3,0
90,30,8.7,160,3,1,Action,4,1
12,3,5.9,108,1,5,Horror,5,0
48,11,7.5,138,2,2,Thriller,6,1
28,7,6.7,122,2,3,Drama,7,0
65,17,8.2,150,3,2,Action,8,1
16,3,6.1,112,1,4,Romance,9,0
52,13,7.7,140,3,2,Thriller,10,1
33,8,7.2,126,2,3,Comedy,11,1
75,22,8.5,152,3,1,Action,12,1
14,2,5.6,106,1,5,Drama,1,0
42,10,7.4,136,2,2,Thriller,2,1
26,6,6.3,119,1,4,Horror,3,0
58,16,8.0,146,3,2,Action,4,1
38,9,7.1,132,2,3,Romance,5,1
85,28,8.6,158,3,1,Action,6,1